{"cameraMode":{"drawMode":0,"name":"Shaded","section":"Shading Mode"},"sceneLighting":true,"audioPlay":false,"sceneViewState":{"showFog":true,"showMaterialUpdate":false,"showSkybox":true,"showFlares":true,"showImageEffects":true,"showParticleSystems":true},"in2DMode":false,"pivot":{"x":55.65780258178711,"y":-10.603096008300782,"z":149.05194091796876},"rotation":{"x":-0.16931018233299256,"y":-0.055247679352760318,"z":0.00954215507954359,"w":-0.983986496925354},"size":99.66385650634766,"orthographic":false}