{"cameraMode":{"drawMode":0,"name":"Shaded","section":"Shading Mode"},"sceneLighting":true,"audioPlay":false,"sceneViewState":{"showFog":true,"showMaterialUpdate":false,"showSkybox":true,"showFlares":true,"showImageEffects":true,"showParticleSystems":true},"in2DMode":false,"pivot":{"x":53.212989807128909,"y":-1.6969467401504517,"z":111.88557434082031},"rotation":{"x":-0.3612563908100128,"y":-0.1996610313653946,"z":0.07949496060609818,"w":-0.9073694348335266},"size":134.99786376953126,"orthographic":false}